Workbook

Sheet U+요금제
B2: 유형 | C2: 상품명 | D2: 청구금액 | E2: 정상요금 | F2: 프로모션 할인 | G2: 음성 (부가통화) | H2: 데이터 | I2: QOS (무제한) | J2: 문자
C3: LTE 요금제명
A4: 2 | B4: 데이터 음성 무제한 | C4: =IFERROR(INDEX(데이터!B:B,MATCH(A:A,데이터!A:A,)),0) -> DATA 걱정없는 유심 1GB | D4: =IFERROR(INDEX(데이터!I:I,MATCH(A:A,데이터!A:A,)),0) -> 12900 | E4: =IFERROR(INDEX(데이터!C:C,MATCH(A:A,데이터!A:A,)),0) -> 24000 | F4: =D4-E4 -> -11100 | G4: =IFERROR(INDEX(데이터!D:D,MATCH(A:A,데이터!A:A,)),0) -> 무제한 | H4: =IFERROR(INDEX(데이터!F:F,MATCH(A:A,데이터!A:A,)),0) -> 1GB | I4: =IFERROR(INDEX(데이터!G:G,MATCH(A:A,데이터!A:A,)),0) -> 1Mbps | J4: =IFERROR(INDEX(데이터!E:E,MATCH(A:A,데이터!A:A,)),0) -> 무제한
A5: 3 | C5: =IFERROR(INDEX(데이터!B:B,MATCH(A:A,데이터!A:A,)),0) -> DATA 걱정없는 유심 4.5GB | D5: =IFERROR(INDEX(데이터!I:I,MATCH(A:A,데이터!A:A,)),0) -> 14500 | E5: =IFERROR(INDEX(데이터!C:C,MATCH(A:A,데이터!A:A,)),0) -> 39900 | F5: =D5-E5 -> -25400 | G5: =IFERROR(INDEX(데이터!D:D,MATCH(A:A,데이터!A:A,)),0) -> 무제한 | H5: =IFERROR(INDEX(데이터!F:F,MATCH(A:A,데이터!A:A,)),0) -> 4.5GB | I5: =IFERROR(INDEX(데이터!G:G,MATCH(A:A,데이터!A:A,)),0) -> 1Mbps | J5: =IFERROR(INDEX(데이터!E:E,MATCH(A:A,데이터!A:A,)),0) -> 무제한
A6: 4 | C6: =IFERROR(INDEX(데이터!B:B,MATCH(A:A,데이터!A:A,)),0) -> DATA 걱정없는 유심 5GB | D6: =IFERROR(INDEX(데이터!I:I,MATCH(A:A,데이터!A:A,)),0) -> 17500 | E6: =IFERROR(INDEX(데이터!C:C,MATCH(A:A,데이터!A:A,)),0) -> 41500 | F6: =D6-E6 -> -24000 | G6: =IFERROR(INDEX(데이터!D:D,MATCH(A:A,데이터!A:A,)),0) -> 무제한 | H6: =IFERROR(INDEX(데이터!F:F,MATCH(A:A,데이터!A:A,)),0) -> 5GB | I6: =IFERROR(INDEX(데이터!G:G,MATCH(A:A,데이터!A:A,)),0) -> 1Mbps | J6: =IFERROR(INDEX(데이터!E:E,MATCH(A:A,데이터!A:A,)),0) -> 무제한
A7: 5 | C7: =IFERROR(INDEX(데이터!B:B,MATCH(A:A,데이터!A:A,)),0) -> DATA 걱정없는 유심 7GB | D7: =IFERROR(INDEX(데이터!I:I,MATCH(A:A,데이터!A:A,)),0) -> 18500 | E7: =IFERROR(INDEX(데이터!C:C,MATCH(A:A,데이터!A:A,)),0) -> 45100 | F7: =D7-E7 -> -26600 | G7: =IFERROR(INDEX(데이터!D:D,MATCH(A:A,데이터!A:A,)),0) -> 무제한 | H7: =IFERROR(INDEX(데이터!F:F,MATCH(A:A,데이터!A:A,)),0) -> 7GB | I7: =IFERROR(INDEX(데이터!G:G,MATCH(A:A,데이터!A:A,)),0) -> 1Mbps | J7: =IFERROR(INDEX(데이터!E:E,MATCH(A:A,데이터!A:A,)),0) -> 무제한
A8: 6 | C8: =IFERROR(INDEX(데이터!B:B,MATCH(A:A,데이터!A:A,)),0) -> DATA 걱정없는 유심 10GB | D8: =IFERROR(INDEX(데이터!I:I,MATCH(A:A,데이터!A:A,)),0) -> 25000 | E8: =IFERROR(INDEX(데이터!C:C,MATCH(A:A,데이터!A:A,)),0) -> 48400 | F8: =D8-E8 -> -23400 | G8: =IFERROR(INDEX(데이터!D:D,MATCH(A:A,데이터!A:A,)),0) -> 무제한 | H8: =IFERROR(INDEX(데이터!F:F,MATCH(A:A,데이터!A:A,)),0) -> 10GB | I8: =IFERROR(INDEX(데이터!G:G,MATCH(A:A,데이터!A:A,)),0) -> 1Mbps | J8: =IFERROR(INDEX(데이터!E:E,MATCH(A:A,데이터!A:A,)),0) -> 무제한
A9: 7 | B9: 저가형 | C9: =IFERROR(INDEX(데이터!B:B,MATCH(A:A,데이터!A:A,)),0) -> 슬림 유심 500MB 50분 | D9: =IFERROR(INDEX(데이터!I:I,MATCH(A:A,데이터!A:A,)),0) -> 3300 | E9: =IFERROR(INDEX(데이터!C:C,MATCH(A:A,데이터!A:A,)),0) -> 6490 | F9: =D9-E9 -> -3190 | G9: =IFERROR(INDEX(데이터!D:D,MATCH(A:A,데이터!A:A,)),0) -> 50분 | H9: =IFERROR(INDEX(데이터!F:F,MATCH(A:A,데이터!A:A,)),0) -> 500MB | I9: =IFERROR(INDEX(데이터!G:G,MATCH(A:A,데이터!A:A,)),0) -> 0 | J9: =IFERROR(INDEX(데이터!E:E,MATCH(A:A,데이터!A:A,)),0) -> 50건
A10: 8 | C10: =IFERROR(INDEX(데이터!B:B,MATCH(A:A,데이터!A:A,)),0) -> 슬림 유심 1GB 50분 | D10: =IFERROR(INDEX(데이터!I:I,MATCH(A:A,데이터!A:A,)),0) -> 4950 | E10: =IFERROR(INDEX(데이터!C:C,MATCH(A:A,데이터!A:A,)),0) -> 10890 | F10: =D10-E10 -> -5940 | G10: =IFERROR(INDEX(데이터!D:D,MATCH(A:A,데이터!A:A,)),0) -> 50분 | H10: =IFERROR(INDEX(데이터!F:F,MATCH(A:A,데이터!A:A,)),0) -> 1GB | I10: =IFERROR(INDEX(데이터!G:G,MATCH(A:A,데이터!A:A,)),0) -> 0 | J10: =IFERROR(INDEX(데이터!E:E,MATCH(A:A,데이터!A:A,)),0) -> 0건
A11: 9 | C11: =IFERROR(INDEX(데이터!B:B,MATCH(A:A,데이터!A:A,)),0) -> 슬림 유심 1GB 100분 | D11: =IFERROR(INDEX(데이터!I:I,MATCH(A:A,데이터!A:A,)),0) -> 5170 | E11: =IFERROR(INDEX(데이터!C:C,MATCH(A:A,데이터!A:A,)),0) -> 11000 | F11: =D11-E11 -> -5830 | G11: =IFERROR(INDEX(데이터!D:D,MATCH(A:A,데이터!A:A,)),0) -> 100분 | H11: =IFERROR(INDEX(데이터!F:F,MATCH(A:A,데이터!A:A,)),0) -> 1GB | I11: =IFERROR(INDEX(데이터!G:G,MATCH(A:A,데이터!A:A,)),0) -> 0 | J11: =IFERROR(INDEX(데이터!E:E,MATCH(A:A,데이터!A:A,)),0) -> 50건
A12: 10 | C12: =IFERROR(INDEX(데이터!B:B,MATCH(A:A,데이터!A:A,)),0) -> 슬림 유심 2GB 200분 | D12: =IFERROR(INDEX(데이터!I:I,MATCH(A:A,데이터!A:A,)),0) -> 6600 | E12: =IFERROR(INDEX(데이터!C:C,MATCH(A:A,데이터!A:A,)),0) -> 20130 | F12: =D12-E12 -> -13530 | G12: =IFERROR(INDEX(데이터!D:D,MATCH(A:A,데이터!A:A,)),0) -> 200분 | H12: =IFERROR(INDEX(데이터!F:F,MATCH(A:A,데이터!A:A,)),0) -> 2GB | I12: =IFERROR(INDEX(데이터!G:G,MATCH(A:A,데이터!A:A,)),0) -> 0 | J12: =IFERROR(INDEX(데이터!E:E,MATCH(A:A,데이터!A:A,)),0) -> 150건
A13: 11 | C13: =IFERROR(INDEX(데이터!B:B,MATCH(A:A,데이터!A:A,)),0) -> 보편 유심 5GB 200분 | D13: =IFERROR(INDEX(데이터!I:I,MATCH(A:A,데이터!A:A,)),0) -> 9900 | E13: =IFERROR(INDEX(데이터!C:C,MATCH(A:A,데이터!A:A,)),0) -> 24950 | F13: =D13-E13 -> -15050 | G13: =IFERROR(INDEX(데이터!D:D,MATCH(A:A,데이터!A:A,)),0) -> 200분 | H13: =IFERROR(INDEX(데이터!F:F,MATCH(A:A,데이터!A:A,)),0) -> 5GB | I13: =IFERROR(INDEX(데이터!G:G,MATCH(A:A,데이터!A:A,)),0) -> 0 | J13: =IFERROR(INDEX(데이터!E:E,MATCH(A:A,데이터!A:A,)),0) -> 100건
A14: 12 | B14: 음성 무제한 | C14: =IFERROR(INDEX(데이터!B:B,MATCH(A:A,데이터!A:A,)),0) -> The 착한 데이터 유심 1.3GB | D14: =IFERROR(INDEX(데이터!I:I,MATCH(A:A,데이터!A:A,)),0) -> 7900 | E14: =IFERROR(INDEX(데이터!C:C,MATCH(A:A,데이터!A:A,)),0) -> 19690 | F14: =D14-E14 -> -11790 | G14: =IFERROR(INDEX(데이터!D:D,MATCH(A:A,데이터!A:A,)),0) -> 무제한 | H14: =IFERROR(INDEX(데이터!F:F,MATCH(A:A,데이터!A:A,)),0) -> 1.3GB | I14: =IFERROR(INDEX(데이터!G:G,MATCH(A:A,데이터!A:A,)),0) -> 0 | J14: =IFERROR(INDEX(데이터!E:E,MATCH(A:A,데이터!A:A,)),0) -> 무제한
A15: 13 | C15: =IFERROR(INDEX(데이터!B:B,MATCH(A:A,데이터!A:A,)),0) -> The 착한 데이터 유심 2.5GB | D15: =IFERROR(INDEX(데이터!I:I,MATCH(A:A,데이터!A:A,)),0) -> 8500 | E15: =IFERROR(INDEX(데이터!C:C,MATCH(A:A,데이터!A:A,)),0) -> 22660 | F15: =D15-E15 -> -14160 | G15: =IFERROR(INDEX(데이터!D:D,MATCH(A:A,데이터!A:A,)),0) -> 무제한 | H15: =IFERROR(INDEX(데이터!F:F,MATCH(A:A,데이터!A:A,)),0) -> 2.5GB | I15: =IFERROR(INDEX(데이터!G:G,MATCH(A:A,데이터!A:A,)),0) -> 0 | J15: =IFERROR(INDEX(데이터!E:E,MATCH(A:A,데이터!A:A,)),0) -> 무제한
A16: 14 | C16: =IFERROR(INDEX(데이터!B:B,MATCH(A:A,데이터!A:A,)),0) -> The 착한 데이터 유심 3.6GB | D16: =IFERROR(INDEX(데이터!I:I,MATCH(A:A,데이터!A:A,)),0) -> 10800 | E16: =IFERROR(INDEX(데이터!C:C,MATCH(A:A,데이터!A:A,)),0) -> 25740 | F16: =D16-E16 -> -14940 | G16: =IFERROR(INDEX(데이터!D:D,MATCH(A:A,데이터!A:A,)),0) -> 무제한 | H16: =IFERROR(INDEX(데이터!F:F,MATCH(A:A,데이터!A:A,)),0) -> 3.6GB | I16: =IFERROR(INDEX(데이터!G:G,MATCH(A:A,데이터!A:A,)),0) -> 0 | J16: =IFERROR(INDEX(데이터!E:E,MATCH(A:A,데이터!A:A,)),0) -> 무제한
A17: 15 | C17: =IFERROR(INDEX(데이터!B:B,MATCH(A:A,데이터!A:A,)),0) -> The 착한 데이터 유심 9GB 3000분 | D17: =IFERROR(INDEX(데이터!I:I,MATCH(A:A,데이터!A:A,)),0) -> 17000 | E17: =IFERROR(INDEX(데이터!C:C,MATCH(A:A,데이터!A:A,)),0) -> 37400 | F17: =D17-E17 -> -20400 | G17: =IFERROR(INDEX(데이터!D:D,MATCH(A:A,데이터!A:A,)),0) -> 3,000분 | H17: =IFERROR(INDEX(데이터!F:F,MATCH(A:A,데이터!A:A,)),0) -> 9GB | I17: =IFERROR(INDEX(데이터!G:G,MATCH(A:A,데이터!A:A,)),0) -> 0 | J17: =IFERROR(INDEX(데이터!E:E,MATCH(A:A,데이터!A:A,)),0) -> 무제한
A18: 16 | C18: =IFERROR(INDEX(데이터!B:B,MATCH(A:A,데이터!A:A,)),0) -> The 착한 데이터 유심 11GB | D18: =IFERROR(INDEX(데이터!I:I,MATCH(A:A,데이터!A:A,)),0) -> 33990 | E18: =IFERROR(INDEX(데이터!C:C,MATCH(A:A,데이터!A:A,)),0) -> 49390 | F18: =D18-E18 -> -15400 | G18: =IFERROR(INDEX(데이터!D:D,MATCH(A:A,데이터!A:A,)),0) -> 무제한 | H18: =IFERROR(INDEX(데이터!F:F,MATCH(A:A,데이터!A:A,)),0) -> 11.0GB | I18: =IFERROR(INDEX(데이터!G:G,MATCH(A:A,데이터!A:A,)),0) -> 일2GB+3Mbps | J18: =IFERROR(INDEX(데이터!E:E,MATCH(A:A,데이터!A:A,)),0) -> 무제한
A19: 17 | B19: 데이터 무제한 | C19: =IFERROR(INDEX(데이터!B:B,MATCH(A:A,데이터!A:A,)),0) -> 보편 안심 유심 1GB 100분 | D19: =IFERROR(INDEX(데이터!I:I,MATCH(A:A,데이터!A:A,)),0) -> 22000 | E19: =IFERROR(INDEX(데이터!C:C,MATCH(A:A,데이터!A:A,)),0) -> 22000 | F19: =D19-E19 -> 0 | G19: =IFERROR(INDEX(데이터!D:D,MATCH(A:A,데이터!A:A,)),0) -> 100분 | H19: =IFERROR(INDEX(데이터!F:F,MATCH(A:A,데이터!A:A,)),0) -> 1GB | I19: =IFERROR(INDEX(데이터!G:G,MATCH(A:A,데이터!A:A,)),0) -> 1Mbps | J19: =IFERROR(INDEX(데이터!E:E,MATCH(A:A,데이터!A:A,)),0) -> 100건
A20: 18 | C20: =IFERROR(INDEX(데이터!B:B,MATCH(A:A,데이터!A:A,)),0) -> 보편 안심 유심 3GB 200분 | D20: =IFERROR(INDEX(데이터!I:I,MATCH(A:A,데이터!A:A,)),0) -> 13900 | E20: =IFERROR(INDEX(데이터!C:C,MATCH(A:A,데이터!A:A,)),0) -> 32990 | F20: =D20-E20 -> -19090 | G20: =IFERROR(INDEX(데이터!D:D,MATCH(A:A,데이터!A:A,)),0) -> 200분 | H20: =IFERROR(INDEX(데이터!F:F,MATCH(A:A,데이터!A:A,)),0) -> 3GB | I20: =IFERROR(INDEX(데이터!G:G,MATCH(A:A,데이터!A:A,)),0) -> 400Kbps | J20: =IFERROR(INDEX(데이터!E:E,MATCH(A:A,데이터!A:A,)),0) -> 100건
A21: 19 | C21: =IFERROR(INDEX(데이터!B:B,MATCH(A:A,데이터!A:A,)),0) -> 보편 안심 유심 5GB 200분 | D21: =IFERROR(INDEX(데이터!I:I,MATCH(A:A,데이터!A:A,)),0) -> 14400 | E21: =IFERROR(INDEX(데이터!C:C,MATCH(A:A,데이터!A:A,)),0) -> 31500 | F21: =D21-E21 -> -17100 | G21: =IFERROR(INDEX(데이터!D:D,MATCH(A:A,데이터!A:A,)),0) -> 200분 | H21: =IFERROR(INDEX(데이터!F:F,MATCH(A:A,데이터!A:A,)),0) -> 5GB | I21: =IFERROR(INDEX(데이터!G:G,MATCH(A:A,데이터!A:A,)),0) -> 1Mbps | J21: =IFERROR(INDEX(데이터!E:E,MATCH(A:A,데이터!A:A,)),0) -> 100건
A22: 20 | C22: =IFERROR(INDEX(데이터!B:B,MATCH(A:A,데이터!A:A,)),0) -> 보편 안심 유심 6GB 200분 | D22: =IFERROR(INDEX(데이터!I:I,MATCH(A:A,데이터!A:A,)),0) -> 35000 | E22: =IFERROR(INDEX(데이터!C:C,MATCH(A:A,데이터!A:A,)),0) -> 35000 | F22: =D22-E22 -> 0 | G22: =IFERROR(INDEX(데이터!D:D,MATCH(A:A,데이터!A:A,)),0) -> 200분 | H22: =IFERROR(INDEX(데이터!F:F,MATCH(A:A,데이터!A:A,)),0) -> 6GB | I22: =IFERROR(INDEX(데이터!G:G,MATCH(A:A,데이터!A:A,)),0) -> 1Mbps | J22: =IFERROR(INDEX(데이터!E:E,MATCH(A:A,데이터!A:A,)),0) -> 100건
A23: 21 | C23: =IFERROR(INDEX(데이터!B:B,MATCH(A:A,데이터!A:A,)),0) -> 보편 안심 유심 15GB 100분 | D23: =IFERROR(INDEX(데이터!I:I,MATCH(A:A,데이터!A:A,)),0) -> 28820 | E23: =IFERROR(INDEX(데이터!C:C,MATCH(A:A,데이터!A:A,)),0) -> 45100 | F23: =D23-E23 -> -16280 | G23: =IFERROR(INDEX(데이터!D:D,MATCH(A:A,데이터!A:A,)),0) -> 100분 | H23: =IFERROR(INDEX(데이터!F:F,MATCH(A:A,데이터!A:A,)),0) -> 15GB | I23: =IFERROR(INDEX(데이터!G:G,MATCH(A:A,데이터!A:A,)),0) -> 망내1회선+3Mbps | J23: =IFERROR(INDEX(데이터!E:E,MATCH(A:A,데이터!A:A,)),0) -> 100건
A24: 22 | B24: 데이터 더주는 | C24: =IFERROR(INDEX(데이터!B:B,MATCH(A:A,데이터!A:A,)),0) -> 데이터 더주는 유심 7GB | D24: =IFERROR(INDEX(데이터!I:I,MATCH(A:A,데이터!A:A,)),0) -> 21500 | E24: =IFERROR(INDEX(데이터!C:C,MATCH(A:A,데이터!A:A,)),0) -> 45100 | F24: =D24-E24 -> -23600 | G24: =IFERROR(INDEX(데이터!D:D,MATCH(A:A,데이터!A:A,)),0) -> 무제한 | H24: =IFERROR(INDEX(데이터!F:F,MATCH(A:A,데이터!A:A,)),0) -> 7.0GB | I24: =IFERROR(INDEX(데이터!G:G,MATCH(A:A,데이터!A:A,)),0) -> 1Mbps | J24: =IFERROR(INDEX(데이터!E:E,MATCH(A:A,데이터!A:A,)),0) -> 무제한
A25: 23 | C25: =IFERROR(INDEX(데이터!B:B,MATCH(A:A,데이터!A:A,)),0) -> 데이터 더주는 유심 10GB | D25: =IFERROR(INDEX(데이터!I:I,MATCH(A:A,데이터!A:A,)),0) -> 28000 | E25: =IFERROR(INDEX(데이터!C:C,MATCH(A:A,데이터!A:A,)),0) -> 48400 | F25: =D25-E25 -> -20400 | G25: =IFERROR(INDEX(데이터!D:D,MATCH(A:A,데이터!A:A,)),0) -> 무제한 | H25: =IFERROR(INDEX(데이터!F:F,MATCH(A:A,데이터!A:A,)),0) -> 10.0GB | I25: =IFERROR(INDEX(데이터!G:G,MATCH(A:A,데이터!A:A,)),0) -> 1Mbps | J25: =IFERROR(INDEX(데이터!E:E,MATCH(A:A,데이터!A:A,)),0) -> 무제한
A26: 24 | C26: =IFERROR(INDEX(데이터!B:B,MATCH(A:A,데이터!A:A,)),0) -> 데이터 더주는 유심 11GB | D26: =IFERROR(INDEX(데이터!I:I,MATCH(A:A,데이터!A:A,)),0) -> 36990 | E26: =IFERROR(INDEX(데이터!C:C,MATCH(A:A,데이터!A:A,)),0) -> 49390 | F26: =D26-E26 -> -12400 | G26: =IFERROR(INDEX(데이터!D:D,MATCH(A:A,데이터!A:A,)),0) -> 무제한 | H26: =IFERROR(INDEX(데이터!F:F,MATCH(A:A,데이터!A:A,)),0) -> 11.0GB | I26: =IFERROR(INDEX(데이터!G:G,MATCH(A:A,데이터!A:A,)),0) -> 일2GB+3Mbps | J26: =IFERROR(INDEX(데이터!E:E,MATCH(A:A,데이터!A:A,)),0) -> 무제한
A27: 25 | C27: =IFERROR(INDEX(데이터!B:B,MATCH(A:A,데이터!A:A,)),0) -> 데이터 더주는 유심 15GB 100분 | D27: =IFERROR(INDEX(데이터!I:I,MATCH(A:A,데이터!A:A,)),0) -> 31820 | E27: =IFERROR(INDEX(데이터!C:C,MATCH(A:A,데이터!A:A,)),0) -> 45100 | F27: =D27-E27 -> -13280 | G27: =IFERROR(INDEX(데이터!D:D,MATCH(A:A,데이터!A:A,)),0) -> 100분 | H27: =IFERROR(INDEX(데이터!F:F,MATCH(A:A,데이터!A:A,)),0) -> 15.0GB | I27: =IFERROR(INDEX(데이터!G:G,MATCH(A:A,데이터!A:A,)),0) -> 3Mbps | J27: =IFERROR(INDEX(데이터!E:E,MATCH(A:A,데이터!A:A,)),0) -> 100건
A28: 26 | B28: 데이터차단 | C28: =IFERROR(INDEX(데이터!B:B,MATCH(A:A,데이터!A:A,)),0) -> The 착한 데이터 유심 0GB | D28: =IFERROR(INDEX(데이터!I:I,MATCH(A:A,데이터!A:A,)),0) -> 7500 | E28: =IFERROR(INDEX(데이터!C:C,MATCH(A:A,데이터!A:A,)),0) -> 13000 | F28: =D28-E28 -> -5500 | G28: =IFERROR(INDEX(데이터!D:D,MATCH(A:A,데이터!A:A,)),0) -> 무제한 | H28: =IFERROR(INDEX(데이터!F:F,MATCH(A:A,데이터!A:A,)),0) -> 0GB | I28: =IFERROR(INDEX(데이터!G:G,MATCH(A:A,데이터!A:A,)),0) -> 0 | J28: =IFERROR(INDEX(데이터!E:E,MATCH(A:A,데이터!A:A,)),0) -> 무제한
A29: 27 | B29: 쿠폰팩 | C29: =IFERROR(INDEX(데이터!B:B,MATCH(A:A,데이터!A:A,)),0) -> 안심보험 유심5GB | D29: =IFERROR(INDEX(데이터!I:I,MATCH(A:A,데이터!A:A,)),0) -> 18400 | E29: =IFERROR(INDEX(데이터!C:C,MATCH(A:A,데이터!A:A,)),0) -> 41500 | F29: =D29-E29 -> -23100 | G29: =IFERROR(INDEX(데이터!D:D,MATCH(A:A,데이터!A:A,)),0) -> 무제한 | H29: =IFERROR(INDEX(데이터!F:F,MATCH(A:A,데이터!A:A,)),0) -> 5GB | I29: =IFERROR(INDEX(데이터!G:G,MATCH(A:A,데이터!A:A,)),0) -> 1Mbps | J29: =IFERROR(INDEX(데이터!E:E,MATCH(A:A,데이터!A:A,)),0) -> 무제한
A30: 28 | C30: =IFERROR(INDEX(데이터!B:B,MATCH(A:A,데이터!A:A,)),0) -> 안심보험 유심7GB | D30: =IFERROR(INDEX(데이터!I:I,MATCH(A:A,데이터!A:A,)),0) -> 19900 | E30: =IFERROR(INDEX(데이터!C:C,MATCH(A:A,데이터!A:A,)),0) -> 45100 | F30: =D30-E30 -> -25200 | G30: =IFERROR(INDEX(데이터!D:D,MATCH(A:A,데이터!A:A,)),0) -> 무제한 | H30: =IFERROR(INDEX(데이터!F:F,MATCH(A:A,데이터!A:A,)),0) -> 7GB | I30: =IFERROR(INDEX(데이터!G:G,MATCH(A:A,데이터!A:A,)),0) -> 1Mbps | J30: =IFERROR(INDEX(데이터!E:E,MATCH(A:A,데이터!A:A,)),0) -> 무제한
A31: 29 | C31: =IFERROR(INDEX(데이터!B:B,MATCH(A:A,데이터!A:A,)),0) -> 쿠폰팩 유심 5GB | D31: =IFERROR(INDEX(데이터!I:I,MATCH(A:A,데이터!A:A,)),0) -> 17900 | E31: =IFERROR(INDEX(데이터!C:C,MATCH(A:A,데이터!A:A,)),0) -> 41500 | F31: =D31-E31 -> -23600 | G31: =IFERROR(INDEX(데이터!D:D,MATCH(A:A,데이터!A:A,)),0) -> 무제한 | H31: =IFERROR(INDEX(데이터!F:F,MATCH(A:A,데이터!A:A,)),0) -> 5.0GB | I31: =IFERROR(INDEX(데이터!G:G,MATCH(A:A,데이터!A:A,)),0) -> 1Mbps | J31: =IFERROR(INDEX(데이터!E:E,MATCH(A:A,데이터!A:A,)),0) -> 무제한
A32: 30 | C32: =IFERROR(INDEX(데이터!B:B,MATCH(A:A,데이터!A:A,)),0) -> 쿠폰팩 유심 7GB | D32: =IFERROR(INDEX(데이터!I:I,MATCH(A:A,데이터!A:A,)),0) -> 20900 | E32: =IFERROR(INDEX(데이터!C:C,MATCH(A:A,데이터!A:A,)),0) -> 45100 | F32: =D32-E32 -> -24200 | G32: =IFERROR(INDEX(데이터!D:D,MATCH(A:A,데이터!A:A,)),0) -> 무제한 | H32: =IFERROR(INDEX(데이터!F:F,MATCH(A:A,데이터!A:A,)),0) -> 7.0GB | I32: =IFERROR(INDEX(데이터!G:G,MATCH(A:A,데이터!A:A,)),0) -> 1Mbps | J32: =IFERROR(INDEX(데이터!E:E,MATCH(A:A,데이터!A:A,)),0) -> 무제한
A33: 31 | C33: =IFERROR(INDEX(데이터!B:B,MATCH(A:A,데이터!A:A,)),0) -> 쿠폰팩 유심 10GB | D33: =IFERROR(INDEX(데이터!I:I,MATCH(A:A,데이터!A:A,)),0) -> 27400 | E33: =IFERROR(INDEX(데이터!C:C,MATCH(A:A,데이터!A:A,)),0) -> 48400 | F33: =D33-E33 -> -21000 | G33: =IFERROR(INDEX(데이터!D:D,MATCH(A:A,데이터!A:A,)),0) -> 무제한 | H33: =IFERROR(INDEX(데이터!F:F,MATCH(A:A,데이터!A:A,)),0) -> 10.0GB | I33: =IFERROR(INDEX(데이터!G:G,MATCH(A:A,데이터!A:A,)),0) -> 1Mbps | J33: =IFERROR(INDEX(데이터!E:E,MATCH(A:A,데이터!A:A,)),0) -> 무제한
A34: 32 | C34: =IFERROR(INDEX(데이터!B:B,MATCH(A:A,데이터!A:A,)),0) -> 쿠폰팩 유심 11GB | D34: =IFERROR(INDEX(데이터!I:I,MATCH(A:A,데이터!A:A,)),0) -> 36390 | E34: =IFERROR(INDEX(데이터!C:C,MATCH(A:A,데이터!A:A,)),0) -> 49390 | F34: =D34-E34 -> -13000 | G34: =IFERROR(INDEX(데이터!D:D,MATCH(A:A,데이터!A:A,)),0) -> 무제한 | H34: =IFERROR(INDEX(데이터!F:F,MATCH(A:A,데이터!A:A,)),0) -> 11.0GB | I34: =IFERROR(INDEX(데이터!G:G,MATCH(A:A,데이터!A:A,)),0) -> 일2GB+3Mbps | J34: =IFERROR(INDEX(데이터!E:E,MATCH(A:A,데이터!A:A,)),0) -> 무제한
A35: 33 | C35: =IFERROR(INDEX(데이터!B:B,MATCH(A:A,데이터!A:A,)),0) -> 쿠폰팩 유심 15GB 100분 | D35: =IFERROR(INDEX(데이터!I:I,MATCH(A:A,데이터!A:A,)),0) -> 31220 | E35: =IFERROR(INDEX(데이터!C:C,MATCH(A:A,데이터!A:A,)),0) -> 45100 | F35: =D35-E35 -> -13880 | G35: =IFERROR(INDEX(데이터!D:D,MATCH(A:A,데이터!A:A,)),0) -> 100분 | H35: =IFERROR(INDEX(데이터!F:F,MATCH(A:A,데이터!A:A,)),0) -> 15.0GB | I35: =IFERROR(INDEX(데이터!G:G,MATCH(A:A,데이터!A:A,)),0) -> 3Mbps | J35: =IFERROR(INDEX(데이터!E:E,MATCH(A:A,데이터!A:A,)),0) -> 100건
A36: 34 | C36: =IFERROR(INDEX(데이터!B:B,MATCH(A:A,데이터!A:A,)),0) -> 쿠폰팩 유심 4.5GB | D36: =IFERROR(INDEX(데이터!I:I,MATCH(A:A,데이터!A:A,)),0) -> 16900 | E36: =IFERROR(INDEX(데이터!C:C,MATCH(A:A,데이터!A:A,)),0) -> 39900 | F36: =D36-E36 -> -23000 | G36: =IFERROR(INDEX(데이터!D:D,MATCH(A:A,데이터!A:A,)),0) -> 무제한 | H36: =IFERROR(INDEX(데이터!F:F,MATCH(A:A,데이터!A:A,)),0) -> 4.5GB | I36: =IFERROR(INDEX(데이터!G:G,MATCH(A:A,데이터!A:A,)),0) -> 1Mbps | J36: =IFERROR(INDEX(데이터!E:E,MATCH(A:A,데이터!A:A,)),0) -> 무제한
A37: 35 | C37: =IFERROR(INDEX(데이터!B:B,MATCH(A:A,데이터!A:A,)),0) -> 쿠폰팩 데이터 더주는 유심 7GB | D37: =IFERROR(INDEX(데이터!I:I,MATCH(A:A,데이터!A:A,)),0) -> 23000 | E37: =IFERROR(INDEX(데이터!C:C,MATCH(A:A,데이터!A:A,)),0) -> 45100 | F37: =D37-E37 -> -22100 | G37: =IFERROR(INDEX(데이터!D:D,MATCH(A:A,데이터!A:A,)),0) -> 무제한 | H37: =IFERROR(INDEX(데이터!F:F,MATCH(A:A,데이터!A:A,)),0) -> 7.0GB | I37: =IFERROR(INDEX(데이터!G:G,MATCH(A:A,데이터!A:A,)),0) -> 1Mbps | J37: =IFERROR(INDEX(데이터!E:E,MATCH(A:A,데이터!A:A,)),0) -> 무제한
A38: 36 | C38: =IFERROR(INDEX(데이터!B:B,MATCH(A:A,데이터!A:A,)),0) -> 쿠폰팩 데이터 더주는 유심 10GB | D38: =IFERROR(INDEX(데이터!I:I,MATCH(A:A,데이터!A:A,)),0) -> 29500 | E38: =IFERROR(INDEX(데이터!C:C,MATCH(A:A,데이터!A:A,)),0) -> 48400 | F38: =D38-E38 -> -18900 | G38: =IFERROR(INDEX(데이터!D:D,MATCH(A:A,데이터!A:A,)),0) -> 무제한 | H38: =IFERROR(INDEX(데이터!F:F,MATCH(A:A,데이터!A:A,)),0) -> 10.0GB | I38: =IFERROR(INDEX(데이터!G:G,MATCH(A:A,데이터!A:A,)),0) -> 1Mbps | J38: =IFERROR(INDEX(데이터!E:E,MATCH(A:A,데이터!A:A,)),0) -> 무제한

Sheet (U+)성인신청서
L1: ※ 작성후 출력하시면됩니다. | AH1: 개인 | AI1: =TODAY() -> 46113 | AJ1: =YEAR(AI1) -> 2026 | AK1: =MONTH(AI1) -> 4 | AL1: =DAY(AI1) -> 1 | AQ1: =IF(AF15=1,"V","")
L2: LGU+ 일반신청서 | P2: 고객 자필관련 필수 입니다. | AH2: 사업자 | AI2: 고객구분 | AJ2: 1 | AK2: =IF(AJ2=1,"v","") -> v | AL2: =IF(AJ2=2,"v","") | AM2: =IF(AJ2=3,"v","") | AN2: =IF(AJ2=4,"v","")
R3: ←고객구분 | AH3: 청소년 | AI3: 유심명 | AJ3: 1 | AK3: =IF(AJ3=1,"v","") -> v
L4: ■ 요금제 | Q4: <= 빨간 "화살표시" 자필로 작성 해야합니다.( 대필불가:전액반환) | AH4: 법인 | AI4: 유심비용 | AJ4: 2 | AK4: =IF(AJ4=2,"v","") -> v | AL4: =IF(AJ4=3,"v","") | AM4: =IF(AJ4=3,"8,800","")
L5: 유심 일련번호 | AH5: 신규 | AI5: 개통구분 | AJ5: 2 | AK5: =IF(AJ5=1,"v","") | AL5: =IF(AJ5=2,"v","") -> v | AM5: =IF(AJ5=1,O11&"-"&P11,"") | AN5: =IF(AJ5=2,O11&"-"&P11,"") -> 010-서류에 자필작성
L6: 유심 비용 | R6: 가입비 | Y6: 유심/가입비 비용 및 가입 관련 필수 선택 | AH6: 번호이동 | AI6: 요금제명 | AJ6: 4 | AK6: =IFERROR(INDEX(데이터!C:C,MATCH(AJ6,데이터!A:A,)),0) -> 41500 | AL6: =IFERROR(INDEX(데이터!H:H,MATCH(AJ6,데이터!A:A,)),0) -> 24000 | AM6: =IFERROR(INDEX(데이터!D:D,MATCH(AJ6,데이터!A:A,)),0) -> 무제한 | AN6: =IFERROR(INDEX(데이터!E:E,MATCH(AJ6,데이터!A:A,)),0) -> 무제한 | AO6: =IFERROR(INDEX(데이터!F:F,MATCH(AJ6,데이터!A:A,)),0) -> 5GB | AP6: =IF(AJ6=1,"",AK6-AL6) -> 17500 | AQ6: =IFERROR(INDEX(데이터!B:B,MATCH(AJ6,데이터!A:A,)),0) -> DATA 걱정없는 유심 5GB
L7: 요금제 | AH7: 후불 | AI7: 이전상품유형 | AJ7: 1 | AK7: =IF($AJ$5=2,IF($AJ7=1,"v",""),"") -> v | AL7: =IF(AJ5=2,IF(AJ7=2,"v",""),"")
L8: ■ 고객정보 | AH8: 선불 | AI8: 자동이체 | AJ8: 1 | AK8: =IF(AJ8=1,"v","") -> v | AL8: =IF(AJ8=2,"v","") | AM8: =IF(AJ8=2,Y16,"") | AN8: =IF(AJ8=2,Z16,"")
L9: 가입자명 | O9: 서류에 자필작성 | T9: 생년월일 | W9: 서류에 자필작성 | AH9: 없음 | AI9: 이전통신사 | AJ9: 5 | AK9: =IF($AJ$5=2,IF(AJ9=2,"v",""),"") | AL9: =IF($AJ$5=2,IF($AJ9=3,"v",""),"") | AM9: =IF($AJ$5=2,IF($AJ9=4,"v",""),"") | AN9: =IF($AJ$5=2,IF($AJ9=5,"v",""),"") -> v | AO9: =IF($AJ$5=2,IF($AJ9=5,X12,""),"") -> 0
L10: 주소 | O10: 서류에 자필작성 | AH10: 안심옵션 | AI10: 부가서비스 | AJ10: 1 | AK10: =IF(AJ10=1,"없음",IF(AJ10=2,"데이터안심옵션","")) -> 없음
L11: 개통 번호 | O11: 010 | P11: 서류에 자필작성 | AH11: 차단 | AI11: 해외로밍 | AJ11: 1 | AK11: =IF(AJ11=1,"v","") -> v | AL11: =IF(AJ11=2,"v","")
L12: 구분 | R12: 이전통신사 | AA12: SK/KT/U+ 아닐경우 통신사 이름 작성 | AH12: 사용 | AI12: 번호이동인증 | AJ12: 4 | AK12: =IF($AJ$5=2,IF($AJ12=1,"v",""),"") | AL12: =IF($AJ$5=2,IF($AJ12=2,"v",""),"") | AM12: =IF($AJ$5=2,IF($AJ12=3,"v",""),"") | AN12: =IF($AJ$5=2,IF($AJ12=4,"v",""),"") -> v | AO12: =IF($AJ$5=2,L13,"") -> 0
AH13: 완납 | AI13: 가입비 | AJ13: 2 | AK13: =IFERROR(IF(AJ13=1,"v",""),"") | AL13: =IFERROR(IF($AJ13=2,"v",""),"") -> v
L14: ■ 자동이체 | R14: <= 자동이체 선택바랍니다. | AH14: 분납 | AI14: 성별 | AJ14: 2 | AK14: =IF(AJ14=1,"v","") | AL14: =IF(AJ14=2,"v","") -> v
L15: 예금주명 | O15: 서류에 자필작성 | T15: 생년월일 | W15: 서류에 자필작성 | AH15: v | AI15: 법정대리인 | AJ15: =IF(AJ2=3,1,"") | AK15: =IF($AJ$15=1,O18,"") | AL15: =IF($AJ$15=1,T18,"") | AM15: =IF($AJ$15=1,Y18,"") | AN15: =IF($AJ$15=1,O19,"") | AO15: =IF($AJ$15=1,U19,"")
L16: 은행(카드사)명 | O16: 서류에 자필작성 | Q16: 계좌번호 | S16: 서류에 자필작성 | W16: 유효기간
L17: ■ 청소년 법정대리인 | R17: 법정대리인 성별 선택바랍니다. | Y17: 년 | Z17: 월 | AH17: 즉납
L18: 예금주명 | O18: 서류에 자필작성 | Q18: 생년월일 | T18: 서류에 자필작성 | W18: 관계 | Y18: 서류에 자필작성 | AA18: 청소년 가입시 법정대리인 정보작성 | AH18: 후납
L19: 법대연락처 | O19: 서류에 자필작성 | S19: 법대주소 | U19: 서류에 자필작성 | AH19: 010신규
L20: ■ 부가기능 | AH20: 번호이동
L21: 부가서비스 | Q21: 해외데이터 | W21: 통신과금/결제서비스 | Z21: 없음 | AH21: 계좌
L22: ■ 판매자정보 | AH22: 카드
L23: 판매점상호 | Q23: 판매자명 | U23: 연락처 | AH23: 남
AH24: 여
L25: ※ 대필관련 서명과 "동의합니다",고객님 "자필" 날인 바랍니다.
L26: ※ 고객서명 및 판매자 서명 필수 자필로 기재 바랍니다.
L27: 대필시 전액 반환됩니다.
L28: (서명시 이름/성 등을 작성하시면 대필로 인정됩니다.)
L29: ※ | N29: 빨간 화살표 부분 수기 작성 필수
T31: `

Sheet 데이터
B2: 요금제명 | C2: 기본료 | D2: 음성 | E2: 문자 | F2: 데이터 | G2: QOS (무제한) | H2: 요금할인 | I2: 월청구요금 | J2: 1 | K2: C4620 | L2: 자사단말기 | M2: 자동이체 | N2: 번호이동인증
A3: 1 | J3: 2 | K3: C4930 | L3: 타사단말기 | M3: 계좌 | N3: 단말기(유심) | O3: 1 | P3: 무약정 | Q3: 1 | R3: 신규 | S3: 1 | T3: SKT | U3: 1 | V3: 차단 | W3: 1 | X3: KE-V2315 | Y3: 미청구 | AA3: 관계선택 | AB3: 데이터로밍차단 | AC3: 휴대폰결제 차단 | AD3: 부가서비스선택 | AE3: SKT | AF3: 후불 | AG3: 부 | AH3: 1 | AI3: 유심모델명 | AJ3: 남
A4: 2 | B4: DATA 걱정없는 유심 1GB | C4: 24000 | D4: 무제한 | E4: 무제한 | F4: 1GB | G4: 1Mbps | H4: 11100 | I4: 12900 | J4: 3 | K4: U8800 | L4: 아이폰 | M4: 카드 | N4: 자동이체 | O4: 2 | P4: 약정 | Q4: 2 | R4: 번호이동 | S4: 2 | T4: KT | U4: 2 | V4: 사용 | W4: 2 | X4: SC-V2317 | Y4: 일반후납청구 | Z4: 2 | AA4: 본인 | AB4: 차단서비스신청 | AC4: 휴대폰결제 신청 | AE4: KT | AF4: 선불 | AG4: 모 | AH4: 2 | AJ4: 여 | AL4: DATA 걱정없는 유심 1GB | AM4: 12900 | AN4: 12900 | AO4: =I4=AN4 -> TRUE
A5: 3 | B5: DATA 걱정없는 유심 4.5GB | C5: 39900 | D5: 무제한 | E5: 무제한 | F5: 4.5GB | G5: 1Mbps | H5: 25400 | I5: 14500 | J5: 4 | K5: K9000 | L5: 외산단말기 | N5: 신용카드 | S5: 3 | T5: U+ | W5: 3 | X5: SC-V3005 | Y5: NFC후납청구 | Z5: 3 | AA5: 가족 | AB5: 이용 | AE5: LG | AG5: 후견인 | AH5: 3 | AL5: DATA 걱정없는 유심 4.5GB | AM5: 14500 | AN5: 14500 | AO5: =I5=AN5 -> TRUE
A6: 4 | B6: DATA 걱정없는 유심 5GB | C6: 41500 | D6: 무제한 | E6: 무제한 | F6: 5GB | G6: 1Mbps | H6: 24000 | I6: 17500 | L6: 자급제 | N6: 지로 | S6: 4 | T6: 기타 | W6: 4 | X6: GE-V2205 | Z6: 4 | AA6: 친척 | AE6: 기타 | AH6: 4 | AL6: DATA 걱정없는 유심 5GB | AM6: 17500 | AN6: 17500 | AO6: =I6=AN6 -> TRUE
A7: 5 | B7: DATA 걱정없는 유심 7GB | C7: 45100 | D7: 무제한 | E7: 무제한 | F7: 7GB | G7: 1Mbps | H7: 26600 | I7: 18500 | W7: 5 | X7: MV-L1600 | Z7: 5 | AA7: 친구 | AH7: 5 | AL7: DATA 걱정없는 유심 7GB | AM7: 18500 | AN7: 18500 | AO7: =I7=AN7 -> TRUE
A8: 6 | B8: DATA 걱정없는 유심 10GB | C8: 48400 | D8: 무제한 | E8: 무제한 | F8: 10GB | G8: 1Mbps | H8: 23400 | I8: 25000 | W8: 6 | X8: KE-L2105 | Z8: 6 | AA8: 직장동료 | AL8: DATA 걱정없는 유심 10GB | AM8: 25000 | AN8: 25000 | AO8: =I8=AN8 -> TRUE
A9: 7 | B9: 슬림 유심 500MB 50분 | C9: 6490 | D9: 50분 | E9: 50건 | F9: 500MB | H9: 3190 | I9: 3300 | Z9: 7 | AA9: 회사 | AL9: 슬림 유심 500MB 50분 | AM9: 3300 | AN9: 3300 | AO9: =I9=AN9 -> TRUE
A10: 8 | B10: 슬림 유심 1GB 50분 | C10: 10890 | D10: 50분 | E10: 0건 | F10: 1GB | H10: 5940 | I10: 4950 | AL10: 슬림 유심 1GB 50분 | AM10: 4950 | AN10: 4950 | AO10: =I10=AN10 -> TRUE
A11: 9 | B11: 슬림 유심 1GB 100분 | C11: 11000 | D11: 100분 | E11: 50건 | F11: 1GB | H11: 5830 | I11: 5170 | AL11: 슬림 유심 1GB 100분 | AM11: 5170 | AN11: 5170 | AO11: =I11=AN11 -> TRUE
A12: 10 | B12: 슬림 유심 2GB 200분 | C12: 20130 | D12: 200분 | E12: 150건 | F12: 2GB | H12: 13530 | I12: 6600 | AL12: 슬림 유심 2GB 200분 | AM12: 6600 | AN12: 6600 | AO12: =I12=AN12 -> TRUE
A13: 11 | B13: 보편 유심 5GB 200분 | C13: 24950 | D13: 200분 | E13: 100건 | F13: 5GB | H13: 15050 | I13: 9900 | AL13: 보편 유심 5GB 200분 | AM13: 9900 | AN13: 9900 | AO13: =I13=AN13 -> TRUE
A14: 12 | B14: The 착한 데이터 유심 1.3GB | C14: 19690 | D14: 무제한 | E14: 무제한 | F14: 1.3GB | H14: 11790 | I14: 7900 | AL14: The 착한 데이터 유심 1.3GB | AM14: 7900 | AN14: 7900 | AO14: =I14=AN14 -> TRUE
A15: 13 | B15: The 착한 데이터 유심 2.5GB | C15: 22660 | D15: 무제한 | E15: 무제한 | F15: 2.5GB | H15: 14160 | I15: 8500 | AL15: The 착한 데이터 유심 2.5GB | AM15: 8500 | AN15: 8500 | AO15: =I15=AN15 -> TRUE
A16: 14 | B16: The 착한 데이터 유심 3.6GB | C16: 25740 | D16: 무제한 | E16: 무제한 | F16: 3.6GB | H16: 14940 | I16: 10800 | AL16: The 착한 데이터 유심 3.6GB | AM16: 10800 | AN16: 10800 | AO16: =I16=AN16 -> TRUE
A17: 15 | B17: The 착한 데이터 유심 9GB 3000분 | C17: 37400 | D17: 3,000분 | E17: 무제한 | F17: 9GB | H17: 20400 | I17: 17000 | AL17: The 착한 데이터 유심 9GB 3000분 | AM17: 17000 | AN17: 17000 | AO17: =I17=AN17 -> TRUE
A18: 16 | B18: The 착한 데이터 유심 11GB | C18: 49390 | D18: 무제한 | E18: 무제한 | F18: 11.0GB | G18: 일2GB+3Mbps | H18: 15400 | I18: 33990 | AL18: The 착한 데이터 유심 11GB | AM18: 33990 | AN18: 33990 | AO18: =I18=AN18 -> TRUE
A19: 17 | B19: 보편 안심 유심 1GB 100분 | C19: 22000 | D19: 100분 | E19: 100건 | F19: 1GB | G19: 1Mbps | H19: 0 | I19: 22000 | AL19: 보편 안심 유심 1GB 100분 | AM19: 22000 | AN19: 22000 | AO19: =I19=AN19 -> TRUE
A20: 18 | B20: 보편 안심 유심 3GB 200분 | C20: 32990 | D20: 200분 | E20: 100건 | F20: 3GB | G20: 400Kbps | H20: 19090 | I20: 13900 | AL20: 보편 안심 유심 3GB 200분 | AM20: 13900 | AN20: 13900 | AO20: =I20=AN20 -> TRUE
A21: 19 | B21: 보편 안심 유심 5GB 200분 | C21: 31500 | D21: 200분 | E21: 100건 | F21: 5GB | G21: 1Mbps | H21: 17100 | I21: 14400 | AL21: 보편 안심 유심 5GB 200분 | AM21: 14400 | AN21: 14400 | AO21: =I21=AN21 -> TRUE
A22: 20 | B22: 보편 안심 유심 6GB 200분 | C22: 35000 | D22: 200분 | E22: 100건 | F22: 6GB | G22: 1Mbps | H22: 0 | I22: 35000 | AL22: 보편 안심 유심 6GB 200분 | AM22: 35000 | AN22: 35000 | AO22: =I22=AN22 -> TRUE
A23: 21 | B23: 보편 안심 유심 15GB 100분 | C23: 45100 | D23: 100분 | E23: 100건 | F23: 15GB | G23: 망내1회선+3Mbps | H23: 16280 | I23: 28820 | AL23: 보편 안심 유심 15GB 100분 | AM23: 28820 | AN23: 28820 | AO23: =I23=AN23 -> TRUE
A24: 22 | B24: 데이터 더주는 유심 7GB | C24: 45100 | D24: 무제한 | E24: 무제한 | F24: 7.0GB | G24: 1Mbps | H24: 23600 | I24: 21500 | AL24: 데이터 더주는 유심 7GB | AM24: 21500 | AN24: 21500 | AO24: =I24=AN24 -> TRUE
A25: 23 | B25: 데이터 더주는 유심 10GB | C25: 48400 | D25: 무제한 | E25: 무제한 | F25: 10.0GB | G25: 1Mbps | H25: 20400 | I25: 28000 | AL25: 데이터 더주는 유심 10GB | AM25: 28000 | AN25: 28000 | AO25: =I25=AN25 -> TRUE
A26: 24 | B26: 데이터 더주는 유심 11GB | C26: 49390 | D26: 무제한 | E26: 무제한 | F26: 11.0GB | G26: 일2GB+3Mbps | H26: 12400 | I26: 36990 | AL26: 데이터 더주는 유심 11GB | AM26: 36990 | AN26: 36990 | AO26: =I26=AN26 -> TRUE
A27: 25 | B27: 데이터 더주는 유심 15GB 100분 | C27: 45100 | D27: 100분 | E27: 100건 | F27: 15.0GB | G27: 3Mbps | H27: 13280 | I27: 31820 | AL27: 데이터 더주는 유심 15GB 100분 | AM27: 31820 | AN27: 31820 | AO27: =I27=AN27 -> TRUE
A28: 26 | B28: The 착한 데이터 유심 0GB | C28: 13000 | D28: 무제한 | E28: 무제한 | F28: 0GB | H28: 5500 | I28: 7500 | AL28: The 착한 데이터 유심 0GB | AM28: 7500 | AN28: 7500 | AO28: =I28=AN28 -> TRUE
A29: 27 | B29: 안심보험 유심5GB | C29: 41500 | D29: 무제한 | E29: 무제한 | F29: 5GB | G29: 1Mbps | H29: 23100 | I29: 18400 | AL29: 5G 라이트 유심 15GB 300분 [신규] | AM29: 24900 | AN29: 18400 | AO29: =I29=AN29 -> TRUE
A30: 28 | B30: 안심보험 유심7GB | C30: 45100 | D30: 무제한 | E30: 무제한 | F30: 7GB | G30: 1Mbps | H30: 25200 | I30: 19900 | AL30: 5G유심 15GB 300분 [신규] | AM30: 21900 | AN30: 19900 | AO30: =I30=AN30 -> TRUE
A31: 29 | B31: 쿠폰팩 유심 5GB | C31: 41500 | D31: 무제한 | E31: 무제한 | F31: 5.0GB | G31: 1Mbps | H31: 23600 | I31: 17900 | AL31: 쿠폰팩 유심 5GB | AM31: 17900 | AN31: 17900 | AO31: =I31=AN31 -> TRUE
A32: 30 | B32: 쿠폰팩 유심 7GB | C32: 45100 | D32: 무제한 | E32: 무제한 | F32: 7.0GB | G32: 1Mbps | H32: 24200 | I32: 20900 | AL32: 쿠폰팩 유심 7GB | AM32: 20900 | AN32: 20900 | AO32: =I32=AN32 -> TRUE
A33: 31 | B33: 쿠폰팩 유심 10GB | C33: 48400 | D33: 무제한 | E33: 무제한 | F33: 10.0GB | G33: 1Mbps | H33: 21000 | I33: 27400 | AL33: 쿠폰팩 유심 10GB | AM33: 27400 | AN33: 27400 | AO33: =I33=AN33 -> TRUE
A34: 32 | B34: 쿠폰팩 유심 11GB | C34: 49390 | D34: 무제한 | E34: 무제한 | F34: 11.0GB | G34: 일2GB+3Mbps | H34: 13000 | I34: 36390 | AL34: 쿠폰팩 유심 11GB | AM34: 36390 | AN34: 36390 | AO34: =I34=AN34 -> TRUE
A35: 33 | B35: 쿠폰팩 유심 15GB 100분 | C35: 45100 | D35: 100분 | E35: 100건 | F35: 15.0GB | G35: 3Mbps | H35: 13880 | I35: 31220 | AL35: 쿠폰팩 유심 15GB 100분 | AM35: 31220 | AN35: 31220 | AO35: =I35=AN35 -> TRUE
A36: 34 | B36: 쿠폰팩 유심 4.5GB | C36: 39900 | D36: 무제한 | E36: 무제한 | F36: 4.5GB | G36: 1Mbps | H36: 23000 | I36: 16900 | AL36: 쿠폰팩 유심 4.5GB | AM36: 16900 | AN36: 16900 | AO36: =I36=AN36 -> TRUE
A37: 35 | B37: 쿠폰팩 데이터 더주는 유심 7GB | C37: 45100 | D37: 무제한 | E37: 무제한 | F37: 7.0GB | G37: 1Mbps | H37: 22100 | I37: 23000 | AL37: 쿠폰팩 데이터 더주는 유심 7GB | AM37: 23000 | AN37: 23000 | AO37: =I37=AN37 -> TRUE
A38: 36 | B38: 쿠폰팩 데이터 더주는 유심 10GB | C38: 48400 | D38: 무제한 | E38: 무제한 | F38: 10.0GB | G38: 1Mbps | H38: 18900 | I38: 29500 | AL38: 쿠폰팩 데이터 더주는 유심 10GB | AM38: 29500 | AN38: 29500 | AO38: =I38=AN38 -> TRUE
A39: 37 | B39: 쿠폰팩 데이터 더주는 유심 11GB | C39: 49390 | D39: 무제한 | E39: 무제한 | F39: 11.0GB | G39: 일2GB+3Mbps | H39: 10900 | I39: 38490 | AL39: 쿠폰팩 데이터 더주는 유심 11GB | AM39: 38490 | AN39: 38490 | AO39: =I39=AN39 -> TRUE
A40: 38 | B40: 쿠폰팩 데이터 더주는 유심 15GB 100분 | C40: 45100 | D40: 100분 | E40: 100건 | F40: 15.0GB | G40: 3Mbps | H40: 11780 | I40: 33320 | AL40: 쿠폰팩 데이터 더주는 유심 15GB 100분 | AM40: 33320 | AN40: 33320 | AO40: =I40=AN40 -> TRUE

Sheet 본사금액
A1: 요금제명 | B1: 프로모션가
A3: DATA 걱정없는 유심 1GB | B3: 12,900원
A4: DATA 걱정없는 유심 2.5GB | B4: 25,100원
A5: DATA 걱정없는 유심 4.5GB | B5: 14,500원
A6: DATA 걱정없는 유심 5GB | B6: 17,500원
A7: DATA 걱정없는 유심 7GB | B7: 18,500원
A8: DATA 걱정없는 유심 10GB | B8: 25,000원
A9: DATA 걱정없는 유심 100GB | B9: 41,500원
A10: DATA 걱정없는 유심 15GB | B10: 29,700원
A11: DATA 걱정없는 유심 일5GB | B11: 41,500원
A12: 데이터 더주는 유심 일5GB | B12: 44,500원
A13: 데이터 더주는 유심 7GB | B13: 21,500원
... A58: 쿠폰팩 데이터 더주는 유심 15GB 100분 | B58: 33,320원
